{
    "repository_folder": "/home/ilobach/fur",
    "data_folder": "/mnt/c/Users/lobac_000/OneDrive - Fermi National Accelerator Laboratory/FUR",
    "IWCMI_to_IBEAMA": 0.915,
    "IWCMI_to_WCM_ABSOLUTE": 0.884564352056612,
    "IBEAM_to_WCM_ABSOLUTE": 0.9667369967831826,
    "Cf": 2e-12,
    "Rf": 10000,
    "IOTA_revolution_period": 1.3333333333e-07,
    "e": 1.602176634e-19,
    "dt": 0.04,
    "RS_scope_time_behind_sec": 20.575844,
    "Undulator_Gap_mm": 38.15,
    "K_peak": 1.0,
    "Undulator_period_m": 0.055,
    "gamma": 188.649706458,
    "me_MeV": 0.511,
    "hc_um_eV": 1.2398418758048764,
    "c_m/s": 299792458,
    "me_kg": 9.10938356e-31,
    "z_obs_m": 3.5,
    "radiation_mesh": [
        [
            -0.0254,
            0.0254,
            1024
        ],
        [
            -0.017960512242138304,
            0.017960512242138304,
            724
        ],
        [
            0.85,
            1.3,
            300
        ]
    ],
    "Measured_photons_per_electron": 0.008798823311458544,
    "Predicted_photons_per_electron_wigrad": 0.009125786374792258,
    "Beam_current_to_Sum_channel_ampl_V/mA": 0.21585382217183424,
    "Beam_energy_error_MeV": 1,
    "sum_channel_to_photoelectrons": 33922917.5183528,
    "HybridBalanceError": 0.04067333333333334,
    "varN_error_fit": 2688549.4878735114,
    "Qs": 0.00042158516020236085,
    "PRL_images": "/home/ilobach/FUR_Run2_experiment_paper/images",
    "NominalBeamCurrent_mA": 2.0,
    "Ku_error": 0.03,
    "Ebeam_error_MeV": 1.0,
    "integrator_amp_to_photoelectrons": 20825277.191411503,
    "test_light_source_theta": 3.3055059333539795e-06,
    "noise_level_V2": 8.783547832368688e-08,
    "noise_level": 202155871.24622738,
    "ey_with_div": 0.008875000000000001,
    "ey_without_div": 0.018875,
    "observed_M": 4431387.88118894,
    "ring_alpha": 0.07086,
    "RF_q": 4,
    "VSR": 12.09,
    "fundamental_fwhm": 0.14167140630901875
}